,Pupil Name,Date of Birth,This Year's Birthday,Month,Cake Needed On,BDs per Weekday and Month
0,Ronna Nellies,2013-12-21,2022-12-21,December,Wednesday,9
1,Brion Letson,2012-12-07,2022-12-07,December,Wednesday,9
2,Allianora Padrick,2011-12-07,2022-12-07,December,Wednesday,9
3,Sunny Lanning,2014-12-28,2022-12-28,December,Wednesday,9
4,Allyn Wheldon,2014-12-21,2022-12-21,December,Wednesday,9
5,Kori Feavers,2011-12-07,2022-12-07,December,Wednesday,9
6,Phelia Wines,2011-12-07,2022-12-07,December,Wednesday,9
7,Sib Klink,2014-12-07,2022-12-07,December,Wednesday,9
8,Ertha MacCook,2013-12-14,2022-12-14,December,Wednesday,9
9,Rusty Andriulis,2012-07-21,2022-07-21,July,Thursday,12
10,Colet Featherstonehaugh,2012-07-07,2022-07-07,July,Thursday,12
11,Ingelbert Sessuns,2013-07-14,2022-07-14,July,Thursday,12
12,Doria Oulet,2014-07-28,2022-07-28,July,Thursday,12
13,Ceciley Kubicki,2015-07-28,2022-07-28,July,Thursday,12
14,Davita Reder,2013-07-21,2022-07-21,July,Thursday,12
15,Leopold Banton,2012-07-21,2022-07-21,July,Thursday,12
16,Jeannette Kocher,2013-07-07,2022-07-07,July,Thursday,12
17,Austin Sangwin,2014-07-07,2022-07-07,July,Thursday,12
18,Saul Swaby,2014-07-28,2022-07-28,July,Thursday,12
19,Bettina Forward,2015-07-07,2022-07-07,July,Thursday,12
20,Kissie Burkert,2015-07-28,2022-07-28,July,Thursday,12
21,Roberta Oakeshott,2011-12-04,2022-12-04,December,Friday,45
22,Valentino Klimko,2014-12-23,2022-12-23,December,Friday,45
23,Rosina Harberer,2012-12-23,2022-12-23,December,Friday,45
24,Marjie Matkovic,2011-12-04,2022-12-04,December,Friday,45
25,Blakelee Monery,2013-12-04,2022-12-04,December,Friday,45
26,Nerte Lissandrini,2011-12-09,2022-12-09,December,Friday,45
27,Brose Plumridge,2012-12-30,2022-12-30,December,Friday,45
28,Kelley Shenton,2012-12-31,2022-12-31,December,Friday,45
29,Viva Yukhnini,2011-12-04,2022-12-04,December,Friday,45
30,Smith Okenden,2012-12-31,2022-12-31,December,Friday,45
31,Norbie Shoveller,2012-12-18,2022-12-18,December,Friday,45
32,Baron Sarre,2014-12-30,2022-12-30,December,Friday,45
33,Willette Fibbit,2013-12-02,2022-12-02,December,Friday,45
34,Maurits Petyanin,2013-12-25,2022-12-25,December,Friday,45
35,Darci Brozsset,2012-12-31,2022-12-31,December,Friday,45
36,Afton Ninotti,2013-12-16,2022-12-16,December,Friday,45
37,Woodman Cockman,2012-12-09,2022-12-09,December,Friday,45
38,Twila Grinley,2013-12-03,2022-12-03,December,Friday,45
39,Raynell Behneke,2014-12-24,2022-12-24,December,Friday,45
40,Mab Canepe,2011-12-11,2022-12-11,December,Friday,45
41,Daloris Skillicorn,2013-12-09,2022-12-09,December,Friday,45
42,Karissa Dickon,2012-12-03,2022-12-03,December,Friday,45
43,Angil Grundy,2011-12-24,2022-12-24,December,Friday,45
44,Tanitansy Lowther,2012-12-04,2022-12-04,December,Friday,45
45,Cherie Himsworth,2011-12-02,2022-12-02,December,Friday,45
46,Anthony Paolazzi,2013-12-17,2022-12-17,December,Friday,45
47,Jeannie Clausen-Thue,2012-12-17,2022-12-17,December,Friday,45
48,Maximilianus Hannam,2012-12-11,2022-12-11,December,Friday,45
49,Galvan Pioch,2013-12-04,2022-12-04,December,Friday,45
50,Emmalyn Piegrome,2014-12-18,2022-12-18,December,Friday,45
51,Warden McDonnell,2013-12-23,2022-12-23,December,Friday,45
52,Tristan Parman,2012-12-18,2022-12-18,December,Friday,45
53,Rafaello Shelp,2014-12-25,2022-12-25,December,Friday,45
54,Pepi Marte,2013-12-30,2022-12-30,December,Friday,45
55,Yoshiko Cona,2011-12-23,2022-12-23,December,Friday,45
56,Pepe Elsey,2014-12-04,2022-12-04,December,Friday,45
57,Harwell Munnings,2013-12-25,2022-12-25,December,Friday,45
58,Westley Bergin,2012-12-30,2022-12-30,December,Friday,45
59,Pen Haney`,2011-12-25,2022-12-25,December,Friday,45
60,Gan Thulborn,2011-12-18,2022-12-18,December,Friday,45
61,Tammie Bevans,2012-12-17,2022-12-17,December,Friday,45
62,Claudell Oloshin,2011-12-25,2022-12-25,December,Friday,45
63,Leontine Kowalski,2011-12-31,2022-12-31,December,Friday,45
64,Tarrance Alves,2013-12-24,2022-12-24,December,Friday,45
65,Hamel Pie,2013-12-24,2022-12-24,December,Friday,45
66,Lola Rubinfajn,2012-06-29,2022-06-29,June,Wednesday,15
67,Phillie Allsepp,2012-06-29,2022-06-29,June,Wednesday,15
68,Konstantine Parysowna,2015-06-01,2022-06-01,June,Wednesday,15
69,Tiffy Glanz,2015-06-15,2022-06-15,June,Wednesday,15
70,Lynett Dibdin,2012-06-08,2022-06-08,June,Wednesday,15
71,Robina Exroll,2015-06-01,2022-06-01,June,Wednesday,15
72,Olivia Elsay,2014-06-29,2022-06-29,June,Wednesday,15
73,Puff Wattam,2013-06-29,2022-06-29,June,Wednesday,15
74,Theda Ryam,2013-06-15,2022-06-15,June,Wednesday,15
75,Gabbi Dowdell,2013-06-22,2022-06-22,June,Wednesday,15
76,Andy Yosifov,2015-06-15,2022-06-15,June,Wednesday,15
77,Peggie Derrett,2012-06-29,2022-06-29,June,Wednesday,15
78,Kamila Blakes,2014-06-29,2022-06-29,June,Wednesday,15
79,Barn Poyntz,2015-06-22,2022-06-22,June,Wednesday,15
80,Arnold Emps,2013-06-22,2022-06-22,June,Wednesday,15
81,Kamila Benedtti,2012-07-10,2022-07-10,July,Friday,49
82,Madison Cominetti,2014-07-17,2022-07-17,July,Friday,49
83,Davin Mazdon,2015-07-10,2022-07-10,July,Friday,49
84,Toddie Artz,2013-07-09,2022-07-09,July,Friday,49
85,Archibaldo Penwell,2012-07-15,2022-07-15,July,Friday,49
86,Benetta Zanussii,2012-07-30,2022-07-30,July,Friday,49
87,Grantley Doogan,2014-07-02,2022-07-02,July,Friday,49
88,Tally Powland,2015-07-02,2022-07-02,July,Friday,49
89,Adrian Snary,2013-07-22,2022-07-22,July,Friday,49
90,Sibeal Templeton,2012-07-22,2022-07-22,July,Friday,49
91,Orsa Orrey,2015-07-30,2022-07-30,July,Friday,49
92,Kakalina Standbrook,2012-07-23,2022-07-23,July,Friday,49
93,Cory Shackle,2012-07-31,2022-07-31,July,Friday,49
94,Thorpe Trudgion,2015-07-08,2022-07-08,July,Friday,49
95,Sallyann Tawse,2014-07-10,2022-07-10,July,Friday,49
96,Leslie Rontree,2013-07-17,2022-07-17,July,Friday,49
97,Ardyce Meriton,2012-07-23,2022-07-23,July,Friday,49
98,Cristionna Hegden,2015-07-03,2022-07-03,July,Friday,49
99,Ad Falco,2013-07-17,2022-07-17,July,Friday,49
100,Winston Coltan,2013-07-29,2022-07-29,July,Friday,49
101,Elsa Yakutin,2012-07-03,2022-07-03,July,Friday,49
102,Melesa Carillo,2013-07-23,2022-07-23,July,Friday,49
103,Devan Soppett,2015-07-16,2022-07-16,July,Friday,49
104,Alane Biddiss,2012-07-29,2022-07-29,July,Friday,49
105,Sammy Ferrarotti,2013-07-23,2022-07-23,July,Friday,49
106,Joye Sleit,2013-07-29,2022-07-29,July,Friday,49
107,Hanny Cullity,2015-07-01,2022-07-01,July,Friday,49
108,Aron Cosslett,2013-07-16,2022-07-16,July,Friday,49
109,Desirae Tondeur,2014-07-15,2022-07-15,July,Friday,49
110,Demetris Aslett,2013-07-23,2022-07-23,July,Friday,49
111,Gussy Dowdell,2014-07-08,2022-07-08,July,Friday,49
112,Melva Bradburn,2014-07-01,2022-07-01,July,Friday,49
113,Hiram Birkenshaw,2013-07-03,2022-07-03,July,Friday,49
114,Amberly Wones,2013-07-22,2022-07-22,July,Friday,49
115,Tate Guitton,2014-07-09,2022-07-09,July,Friday,49
116,Jami Plunket,2014-07-16,2022-07-16,July,Friday,49
117,Correna Segrave,2013-07-09,2022-07-09,July,Friday,49
118,Calla Emms,2013-07-22,2022-07-22,July,Friday,49
119,Alanson Joost,2015-07-10,2022-07-10,July,Friday,49
120,Shelly Deares,2014-07-17,2022-07-17,July,Friday,49
121,Dana Gauld,2014-07-15,2022-07-15,July,Friday,49
122,Tony Roches,2013-07-03,2022-07-03,July,Friday,49
123,Burl Glassborow,2015-07-31,2022-07-31,July,Friday,49
124,Keely Skellion,2015-07-24,2022-07-24,July,Friday,49
125,Elaine Blackborough,2013-07-31,2022-07-31,July,Friday,49
126,Roddie Ovett,2013-07-10,2022-07-10,July,Friday,49
127,Darsie Midson,2015-07-10,2022-07-10,July,Friday,49
128,Risa Marc,2013-07-31,2022-07-31,July,Friday,49
129,Deirdre Maharey,2015-07-17,2022-07-17,July,Friday,49
130,Avery Colebourn,2012-08-30,2022-08-30,August,Tuesday,15
131,Dynah Petrillo,2013-08-16,2022-08-16,August,Tuesday,15
132,Nataniel Capinetti,2012-08-23,2022-08-23,August,Tuesday,15
133,Walker Capron,2015-08-30,2022-08-30,August,Tuesday,15
134,Sasha Corsor,2013-08-09,2022-08-09,August,Tuesday,15
135,Philippe Plume,2013-08-16,2022-08-16,August,Tuesday,15
136,Chrissie Torrans,2014-08-02,2022-08-02,August,Tuesday,15
137,Derry Crowest,2015-08-02,2022-08-02,August,Tuesday,15
138,Evelin Myott,2015-08-02,2022-08-02,August,Tuesday,15
139,Louisa McRamsey,2015-08-23,2022-08-23,August,Tuesday,15
140,Cristi Hargrove,2012-08-16,2022-08-16,August,Tuesday,15
141,Randi Slucock,2015-08-16,2022-08-16,August,Tuesday,15
142,Shannon Gerring,2013-08-30,2022-08-30,August,Tuesday,15
143,Leslie Pezey,2013-08-02,2022-08-02,August,Tuesday,15
144,Chanda Hartle,2014-08-23,2022-08-23,August,Tuesday,15
145,Cal Shearwood,2015-01-18,2022-01-18,January,Tuesday,12
146,Coral Phelipeaux,2012-01-04,2022-01-04,January,Tuesday,12
147,Katinka Liger,2013-01-25,2022-01-25,January,Tuesday,12
148,Gwen Biglin,2012-01-18,2022-01-18,January,Tuesday,12
149,Franciskus Brittles,2013-01-25,2022-01-25,January,Tuesday,12
150,Victor Stonham,2013-01-25,2022-01-25,January,Tuesday,12
151,Truda Welband,2014-01-04,2022-01-04,January,Tuesday,12
152,Bearnard Swainston,2013-01-11,2022-01-11,January,Tuesday,12
153,Aveline Peggram,2015-01-18,2022-01-18,January,Tuesday,12
154,Zulema Ludlom,2015-01-25,2022-01-25,January,Tuesday,12
155,Justinian McCrossan,2015-01-25,2022-01-25,January,Tuesday,12
156,Brana Bridgstock,2015-01-04,2022-01-04,January,Tuesday,12
157,King Truswell,2012-09-14,2022-09-14,September,Wednesday,7
158,Bobbie Cobbing,2012-09-28,2022-09-28,September,Wednesday,7
159,Marc Bailey,2014-09-28,2022-09-28,September,Wednesday,7
160,Kahlil Buie,2012-09-28,2022-09-28,September,Wednesday,7
161,Antoine Haycox,2014-09-14,2022-09-14,September,Wednesday,7
162,Wade Fautly,2014-09-28,2022-09-28,September,Wednesday,7
163,Yasmin Lindsell,2012-09-28,2022-09-28,September,Wednesday,7
164,Towney Stichall,2015-06-04,2022-06-04,June,Friday,30
165,Samara Strike,2013-06-26,2022-06-26,June,Friday,30
166,Guillermo Trowle,2013-06-24,2022-06-24,June,Friday,30
167,Friederike Civitillo,2015-06-24,2022-06-24,June,Friday,30
168,Jacenta Cowton,2013-06-18,2022-06-18,June,Friday,30
169,Karlyn Westmoreland,2015-06-10,2022-06-10,June,Friday,30
170,Pooh Schmidt,2012-06-05,2022-06-05,June,Friday,30
171,Fallon Kettles,2013-06-24,2022-06-24,June,Friday,30
172,Andy Philipard,2015-06-12,2022-06-12,June,Friday,30
173,Shirlene Palluschek,2012-06-10,2022-06-10,June,Friday,30
174,Trudey Skarman,2014-06-05,2022-06-05,June,Friday,30
175,Lotta Ucceli,2015-06-17,2022-06-17,June,Friday,30
176,Terrance Sibary,2015-06-04,2022-06-04,June,Friday,30
177,Kippar Lambrecht,2012-06-24,2022-06-24,June,Friday,30
178,Indira Verna,2012-06-24,2022-06-24,June,Friday,30
179,Amye Barwis,2012-06-05,2022-06-05,June,Friday,30
180,Ileana Paolicchi,2012-06-03,2022-06-03,June,Friday,30
181,Suzanne Guiso,2013-06-04,2022-06-04,June,Friday,30
182,Freddie Eldered,2015-06-25,2022-06-25,June,Friday,30
183,Gonzales Blanchard,2013-06-04,2022-06-04,June,Friday,30
184,Vance Bissiker,2013-06-26,2022-06-26,June,Friday,30
185,Davidson Quodling,2014-06-19,2022-06-19,June,Friday,30
186,Conroy Hatcliffe,2012-06-18,2022-06-18,June,Friday,30
187,Nola Mallett,2015-06-10,2022-06-10,June,Friday,30
188,Emmalynn Sankey,2014-06-11,2022-06-11,June,Friday,30
189,Jessie Fforde,2014-06-05,2022-06-05,June,Friday,30
190,Aileen Overill,2012-06-26,2022-06-26,June,Friday,30
191,Delphinia Wallach,2015-06-12,2022-06-12,June,Friday,30
192,Meryl Grzelewski,2012-06-04,2022-06-04,June,Friday,30
193,Tamma Sergison,2012-06-19,2022-06-19,June,Friday,30
194,Aubrette Mc Dermid,2012-10-09,2022-10-09,October,Friday,32
195,Kerby Scain,2012-10-30,2022-10-30,October,Friday,32
196,Regina Isenor,2011-10-16,2022-10-16,October,Friday,32
197,Christoph Udall,2011-10-15,2022-10-15,October,Friday,32
198,Milka Fosbraey,2011-10-30,2022-10-30,October,Friday,32
199,Windy Curgenuer,2013-10-28,2022-10-28,October,Friday,32
200,Berkly Dodding,2014-10-14,2022-10-14,October,Friday,32
201,Jeannette Symonds,2012-10-23,2022-10-23,October,Friday,32
202,Drusilla Tuson,2014-10-14,2022-10-14,October,Friday,32
203,Ettie Condie,2012-10-23,2022-10-23,October,Friday,32
204,Bartholomew Coyle,2011-10-14,2022-10-14,October,Friday,32
205,Twila Bradmore,2014-10-01,2022-10-01,October,Friday,32
206,Bernete Westoff,2014-10-02,2022-10-02,October,Friday,32
207,Denise Huckleby,2012-10-01,2022-10-01,October,Friday,32
208,Tabbie Edgar,2011-10-02,2022-10-02,October,Friday,32
209,Aldus Lindro,2011-10-21,2022-10-21,October,Friday,32
210,Melodie Maine,2011-10-15,2022-10-15,October,Friday,32
211,Lelah Huyghe,2011-10-16,2022-10-16,October,Friday,32
212,Audre Balsdon,2012-10-16,2022-10-16,October,Friday,32
213,Kerstin Escreet,2013-10-28,2022-10-28,October,Friday,32
214,Harold Heminsley,2012-10-16,2022-10-16,October,Friday,32
215,Vallie Payton,2012-10-08,2022-10-08,October,Friday,32
216,Perkin Caughey,2012-10-16,2022-10-16,October,Friday,32
217,Jaymee Mannakee,2012-10-02,2022-10-02,October,Friday,32
218,Reggis Daniello,2014-10-16,2022-10-16,October,Friday,32
219,Haywood Tithecote,2013-10-28,2022-10-28,October,Friday,32
220,Mike Ginnelly,2011-10-30,2022-10-30,October,Friday,32
221,Shaine Matas,2012-10-16,2022-10-16,October,Friday,32
222,Charisse Divina,2014-10-21,2022-10-21,October,Friday,32
223,Alys McReidy,2011-10-21,2022-10-21,October,Friday,32
224,Alvy Fleis,2012-10-28,2022-10-28,October,Friday,32
225,Efrem Roswarne,2014-10-21,2022-10-21,October,Friday,32
226,Adah Chatres,2012-12-27,2022-12-27,December,Tuesday,8
227,Cecilia Poxton,2013-12-20,2022-12-20,December,Tuesday,8
228,Wain Jime,2011-12-20,2022-12-20,December,Tuesday,8
229,Lynnett Gierardi,2013-12-13,2022-12-13,December,Tuesday,8
230,Wadsworth Gores,2011-12-20,2022-12-20,December,Tuesday,8
231,Dino Behr,2012-12-20,2022-12-20,December,Tuesday,8
232,Gil Wyrall,2011-12-13,2022-12-13,December,Tuesday,8
233,Davon Regglar,2012-12-27,2022-12-27,December,Tuesday,8
234,Benedikt Titterton,2014-01-10,2022-01-10,January,Monday,14
235,Daisie Whitelaw,2014-01-17,2022-01-17,January,Monday,14
236,Robin Cypler,2015-01-31,2022-01-31,January,Monday,14
237,Robbin Harmant,2015-01-10,2022-01-10,January,Monday,14
238,Wendy Oscroft,2015-01-03,2022-01-03,January,Monday,14
239,Jay Yashaev,2013-01-31,2022-01-31,January,Monday,14
240,Anissa Semerad,2013-01-10,2022-01-10,January,Monday,14
241,Harold Dunckley,2014-01-17,2022-01-17,January,Monday,14
242,Porty Lowdiane,2015-01-31,2022-01-31,January,Monday,14
243,Candace Glowacz,2015-01-03,2022-01-03,January,Monday,14
244,Alta Ianittello,2013-01-03,2022-01-03,January,Monday,14
245,Lynea Zorzi,2013-01-24,2022-01-24,January,Monday,14
246,Findley Enriques,2014-01-17,2022-01-17,January,Monday,14
247,Goldia Macklin,2013-01-17,2022-01-17,January,Monday,14
248,Panchito Filinkov,2013-06-09,2022-06-09,June,Thursday,12
249,Joelle McGrory,2012-06-23,2022-06-23,June,Thursday,12
250,Rabbi McGourty,2013-06-16,2022-06-16,June,Thursday,12
251,Tessa Pogue,2015-06-23,2022-06-23,June,Thursday,12
252,Gillie Bermingham,2014-06-23,2022-06-23,June,Thursday,12
253,Von Kearton,2015-06-23,2022-06-23,June,Thursday,12
254,Kelcey Dragonette,2012-06-23,2022-06-23,June,Thursday,12
255,Kizzie Columbine,2012-06-30,2022-06-30,June,Thursday,12
256,Jeffry De Blasio,2012-06-09,2022-06-09,June,Thursday,12
257,Vivyanne Aughtie,2013-06-23,2022-06-23,June,Thursday,12
258,Hyacintha Figgen,2012-06-02,2022-06-02,June,Thursday,12
259,Livvyy Cessford,2014-06-23,2022-06-23,June,Thursday,12
260,Joane McCormack,2012-04-17,2022-04-17,April,Friday,55
261,Korella Mattisson,2015-04-03,2022-04-03,April,Friday,55
262,Keefer Ruckhard,2013-04-02,2022-04-02,April,Friday,55
263,Sasha McMenamin,2012-04-23,2022-04-23,April,Friday,55
264,Jamaal Challicombe,2013-04-02,2022-04-02,April,Friday,55
265,Antin Luesley,2012-04-17,2022-04-17,April,Friday,55
266,Chucho Longmore,2013-04-15,2022-04-15,April,Friday,55
267,Ev Baldack,2015-04-23,2022-04-23,April,Friday,55
268,Jania Pesek,2012-04-08,2022-04-08,April,Friday,55
269,Merwin Doag,2015-04-29,2022-04-29,April,Friday,55
270,Valaree Heckner,2012-04-30,2022-04-30,April,Friday,55
271,Howard Kittow,2014-04-09,2022-04-09,April,Friday,55
272,Armstrong Batiste,2012-04-15,2022-04-15,April,Friday,55
273,Megan Blyth,2012-04-22,2022-04-22,April,Friday,55
274,Ancell Borrel,2012-04-24,2022-04-24,April,Friday,55
275,Dorothea Haselwood,2014-04-23,2022-04-23,April,Friday,55
276,Rici Dohms,2013-04-09,2022-04-09,April,Friday,55
277,Kit Fishbourn,2014-04-01,2022-04-01,April,Friday,55
278,Welby Dymott,2012-04-15,2022-04-15,April,Friday,55
279,Maddie Kennard,2015-04-15,2022-04-15,April,Friday,55
280,Adore Rowan,2012-04-30,2022-04-30,April,Friday,55
281,Trstram Macci,2013-04-16,2022-04-16,April,Friday,55
282,Malory Jonk,2012-04-10,2022-04-10,April,Friday,55
283,Dasha Traite,2014-04-08,2022-04-08,April,Friday,55
284,Hayward MacKellen,2014-04-29,2022-04-29,April,Friday,55
285,Penny Nertney,2012-04-24,2022-04-24,April,Friday,55
286,Bernhard Pakes,2013-04-09,2022-04-09,April,Friday,55
287,Leupold Paladino,2014-04-30,2022-04-30,April,Friday,55
288,Gizela Oke,2015-04-30,2022-04-30,April,Friday,55
289,Yevette Crimpe,2015-04-15,2022-04-15,April,Friday,55
290,Jesse Worsall,2015-04-24,2022-04-24,April,Friday,55
291,Yalonda Cranch,2015-04-08,2022-04-08,April,Friday,55
292,Billie Keyte,2013-04-10,2022-04-10,April,Friday,55
293,Jennee Portch,2012-04-01,2022-04-01,April,Friday,55
294,Janith Amburgy,2013-04-17,2022-04-17,April,Friday,55
295,Jordanna Siley,2013-04-22,2022-04-22,April,Friday,55
296,Elana Dupree,2012-04-09,2022-04-09,April,Friday,55
297,Jobi Dreossi,2015-04-15,2022-04-15,April,Friday,55
298,Tatum Daughton,2015-04-08,2022-04-08,April,Friday,55
299,Sandy Helks,2013-04-02,2022-04-02,April,Friday,55
300,Braden Berrane,2015-04-30,2022-04-30,April,Friday,55
301,Emylee Yurygyn,2014-04-24,2022-04-24,April,Friday,55
302,Rori Colvill,2014-04-08,2022-04-08,April,Friday,55
303,Jasmina Langforth,2012-04-03,2022-04-03,April,Friday,55
304,Marve Geaney,2014-04-15,2022-04-15,April,Friday,55
305,Katharina Joscelyne,2014-04-17,2022-04-17,April,Friday,55
306,Tammie Meynell,2014-04-10,2022-04-10,April,Friday,55
307,Barclay Fieldgate,2012-04-30,2022-04-30,April,Friday,55
308,Remy La Torre,2013-04-23,2022-04-23,April,Friday,55
309,Maybelle Shackesby,2015-04-30,2022-04-30,April,Friday,55
310,Tonye Faudrie,2012-04-01,2022-04-01,April,Friday,55
311,Ninnetta Galia,2013-04-01,2022-04-01,April,Friday,55
312,Ida Side,2015-04-22,2022-04-22,April,Friday,55
313,Gratia Shory,2015-04-02,2022-04-02,April,Friday,55
314,Stanford Tinton,2013-04-09,2022-04-09,April,Friday,55
315,Griffie Sitlinton,2014-03-24,2022-03-24,March,Thursday,19
316,Rochella Blazdell,2015-03-31,2022-03-31,March,Thursday,19
317,Farris Spear,2014-03-03,2022-03-03,March,Thursday,19
318,Brand Kaes,2014-03-24,2022-03-24,March,Thursday,19
319,Dorita Messitt,2015-03-17,2022-03-17,March,Thursday,19
320,Walt De Ferraris,2012-03-31,2022-03-31,March,Thursday,19
321,Marlowe Daniell,2014-03-03,2022-03-03,March,Thursday,19
322,Tedi Nekrews,2013-03-03,2022-03-03,March,Thursday,19
323,Joy Brobeck,2013-03-10,2022-03-10,March,Thursday,19
324,Joey McJury,2012-03-24,2022-03-24,March,Thursday,19
325,Dacie Harnetty,2012-03-24,2022-03-24,March,Thursday,19
326,Edgardo Bickell,2014-03-31,2022-03-31,March,Thursday,19
327,Donielle Selwyne,2015-03-03,2022-03-03,March,Thursday,19
328,Melisa Fibbens,2015-03-31,2022-03-31,March,Thursday,19
329,Flint Donlon,2015-03-10,2022-03-10,March,Thursday,19
330,Pauline Dorsey,2015-03-03,2022-03-03,March,Thursday,19
331,Delainey Rand,2012-03-10,2022-03-10,March,Thursday,19
332,Susana Cookney,2012-03-17,2022-03-17,March,Thursday,19
333,Lyssa Skotcher,2013-03-03,2022-03-03,March,Thursday,19
334,Gilberta Silversmidt,2014-09-08,2022-09-08,September,Thursday,14
335,Carolus Bremmer,2011-09-15,2022-09-15,September,Thursday,14
336,Mahala Henze,2014-09-15,2022-09-15,September,Thursday,14
337,Hatty Crotty,2013-09-22,2022-09-22,September,Thursday,14
338,Lauretta Greenhalf,2013-09-08,2022-09-08,September,Thursday,14
339,Oberon Pollie,2011-09-22,2022-09-22,September,Thursday,14
340,Oralla Braffington,2011-09-01,2022-09-01,September,Thursday,14
341,Adara Beringer,2011-09-01,2022-09-01,September,Thursday,14
342,Carmelina Ashbridge,2012-09-08,2022-09-08,September,Thursday,14
343,Zedekiah Anstie,2011-09-08,2022-09-08,September,Thursday,14
344,Livvyy Vasquez,2011-09-15,2022-09-15,September,Thursday,14
345,Berthe Sheerman,2013-09-29,2022-09-29,September,Thursday,14
346,Patsy Piner,2013-09-29,2022-09-29,September,Thursday,14
347,Olly Navarijo,2012-09-08,2022-09-08,September,Thursday,14
348,Uri Cowterd,2011-12-12,2022-12-12,December,Monday,20
349,Pattie Chapelle,2011-12-19,2022-12-19,December,Monday,20
350,Marje Antoshin,2014-12-26,2022-12-26,December,Monday,20
351,Kienan Echalie,2014-12-19,2022-12-19,December,Monday,20
352,Ivar Verbeek,2011-12-26,2022-12-26,December,Monday,20
353,Templeton Reynard,2014-12-19,2022-12-19,December,Monday,20
354,Rex Adds,2014-12-26,2022-12-26,December,Monday,20
355,Mikaela Madgwick,2012-12-05,2022-12-05,December,Monday,20
356,Billy Dionis,2013-12-12,2022-12-12,December,Monday,20
357,Quinlan Franckton,2014-12-26,2022-12-26,December,Monday,20
358,Chickie Asch,2012-12-12,2022-12-12,December,Monday,20
359,Odelia Bayston,2011-12-19,2022-12-19,December,Monday,20
360,Blair Troyes,2013-12-19,2022-12-19,December,Monday,20
361,Lukas Gallon,2011-12-12,2022-12-12,December,Monday,20
362,Kalindi Abella,2011-12-05,2022-12-05,December,Monday,20
363,Nick Jurzyk,2014-12-26,2022-12-26,December,Monday,20
364,Eleonora Manntschke,2014-12-12,2022-12-12,December,Monday,20
365,Cly Chevis,2012-12-19,2022-12-19,December,Monday,20
366,Geneva Bakesef,2014-12-05,2022-12-05,December,Monday,20
367,Lawton Randles,2011-12-12,2022-12-12,December,Monday,20
368,Findlay Schonfelder,2014-01-19,2022-01-19,January,Wednesday,14
369,Isaiah Antowski,2014-01-12,2022-01-12,January,Wednesday,14
370,Jewelle Skaif,2015-01-19,2022-01-19,January,Wednesday,14
371,Anny Casterot,2015-01-26,2022-01-26,January,Wednesday,14
372,James Bartles,2012-01-12,2022-01-12,January,Wednesday,14
373,Emili Matyja,2013-01-05,2022-01-05,January,Wednesday,14
374,Rosalynd Henrion,2013-01-26,2022-01-26,January,Wednesday,14
375,Armstrong Nutman,2012-01-05,2022-01-05,January,Wednesday,14
376,Cecil Gavaghan,2013-01-12,2022-01-12,January,Wednesday,14
377,Ingunna Hauck,2015-01-26,2022-01-26,January,Wednesday,14
378,Vincent Seedull,2012-01-12,2022-01-12,January,Wednesday,14
379,Ossie Woodard,2012-01-12,2022-01-12,January,Wednesday,14
380,Corey Garnsworthy,2012-01-12,2022-01-12,January,Wednesday,14
381,Cassandry Trevaskus,2015-01-05,2022-01-05,January,Wednesday,14
382,Jaquelyn Jantzen,2012-10-20,2022-10-20,October,Thursday,14
383,Issi Amey,2012-10-20,2022-10-20,October,Thursday,14
384,Stacy Conneely,2013-10-13,2022-10-13,October,Thursday,14
385,Denna Bulluck,2011-10-20,2022-10-20,October,Thursday,14
386,Maximilien Shipcott,2014-10-20,2022-10-20,October,Thursday,14
387,Linda Haberjam,2011-10-06,2022-10-06,October,Thursday,14
388,Ivonne World,2011-10-06,2022-10-06,October,Thursday,14
389,Magdalene Treend,2011-10-20,2022-10-20,October,Thursday,14
390,Amitie Elvy,2013-10-06,2022-10-06,October,Thursday,14
391,Natalie Swynfen,2013-10-06,2022-10-06,October,Thursday,14
392,Alix McGonnell,2012-10-20,2022-10-20,October,Thursday,14
393,Maure Kenwell,2012-10-20,2022-10-20,October,Thursday,14
394,Karel Hovenden,2014-10-06,2022-10-06,October,Thursday,14
395,Maxine Peizer,2013-10-06,2022-10-06,October,Thursday,14
396,Davina Gradwell,2011-11-07,2022-11-07,November,Monday,11
397,Clayborn Benazet,2014-11-21,2022-11-21,November,Monday,11
398,Ree Salmen,2013-11-14,2022-11-14,November,Monday,11
399,Gifford McKeachie,2014-11-21,2022-11-21,November,Monday,11
400,Orelia Di Domenico,2014-11-07,2022-11-07,November,Monday,11
401,Bibbie Bortolomei,2012-11-14,2022-11-14,November,Monday,11
402,Shandee Scard,2014-11-21,2022-11-21,November,Monday,11
403,Analiese Bliven,2013-11-07,2022-11-07,November,Monday,11
404,Mirilla Davidow,2014-11-21,2022-11-21,November,Monday,11
405,Russell Constantine,2012-11-14,2022-11-14,November,Monday,11
406,Harlin Hallad,2012-11-28,2022-11-28,November,Monday,11
407,Nicolea Selby,2014-04-04,2022-04-04,April,Monday,10
408,Verina Knoton,2014-04-04,2022-04-04,April,Monday,10
409,Clo Knoton,2014-04-25,2022-04-25,April,Monday,10
410,Sayer Romain,2014-04-11,2022-04-11,April,Monday,10
411,Kareem Shieldon,2012-04-11,2022-04-11,April,Monday,10
412,West Breheny,2015-04-25,2022-04-25,April,Monday,10
413,Curry Dawbery,2013-04-25,2022-04-25,April,Monday,10
414,Poul Frane,2012-04-11,2022-04-11,April,Monday,10
415,Barnie Drees,2013-04-25,2022-04-25,April,Monday,10
416,Zoe Djorvic,2013-04-04,2022-04-04,April,Monday,10
417,Moselle Alelsandrovich,2012-12-22,2022-12-22,December,Thursday,20
418,Rowland Krinks,2014-12-22,2022-12-22,December,Thursday,20
419,Dotty Oldknow,2013-12-22,2022-12-22,December,Thursday,20
420,Layne Curston,2013-12-29,2022-12-29,December,Thursday,20
421,Amalee Marquiss,2011-12-15,2022-12-15,December,Thursday,20
422,Reine Djorvic,2013-12-08,2022-12-08,December,Thursday,20
423,Liam Sings,2012-12-15,2022-12-15,December,Thursday,20
424,Tammie Alabone,2013-12-08,2022-12-08,December,Thursday,20
425,Brit Craze,2012-12-29,2022-12-29,December,Thursday,20
426,Hunt Zamboniari,2013-12-01,2022-12-01,December,Thursday,20
427,Ginny Sebyer,2014-12-22,2022-12-22,December,Thursday,20
428,Merci Tutsell,2014-12-01,2022-12-01,December,Thursday,20
429,Lucien Crean,2013-12-08,2022-12-08,December,Thursday,20
430,Kyrstin Liebermann,2011-12-08,2022-12-08,December,Thursday,20
431,Erasmus Simmers,2014-12-29,2022-12-29,December,Thursday,20
432,Faustine Trimmell,2013-12-22,2022-12-22,December,Thursday,20
433,Zane Slaght,2011-12-15,2022-12-15,December,Thursday,20
434,Tammie O' Connell,2011-12-29,2022-12-29,December,Thursday,20
435,Gayler Littledike,2013-12-08,2022-12-08,December,Thursday,20
436,Henrie Wrightson,2014-12-01,2022-12-01,December,Thursday,20
437,Honey Nieass,2014-11-23,2022-11-23,November,Wednesday,17
438,Marys Inseal,2012-11-16,2022-11-16,November,Wednesday,17
439,Arri Sleney,2013-11-23,2022-11-23,November,Wednesday,17
440,Sharla Almond,2011-11-16,2022-11-16,November,Wednesday,17
441,Moises Orrocks,2012-11-30,2022-11-30,November,Wednesday,17
442,Paulina Vale,2014-11-23,2022-11-23,November,Wednesday,17
443,Rafaelita Punshon,2011-11-09,2022-11-09,November,Wednesday,17
444,Zebadiah Nudde,2011-11-09,2022-11-09,November,Wednesday,17
445,Dew Bartlett,2014-11-23,2022-11-23,November,Wednesday,17
446,Blanche Edling,2012-11-02,2022-11-02,November,Wednesday,17
447,Etti Ehlerding,2012-11-23,2022-11-23,November,Wednesday,17
448,Jecho Ebbrell,2014-11-02,2022-11-02,November,Wednesday,17
449,Florida Forestall,2012-11-02,2022-11-02,November,Wednesday,17
450,Agata Martyn,2013-11-23,2022-11-23,November,Wednesday,17
451,Heidi Elderkin,2012-11-16,2022-11-16,November,Wednesday,17
452,Emmott Pressman,2012-11-02,2022-11-02,November,Wednesday,17
453,Alika Bunclark,2014-11-09,2022-11-09,November,Wednesday,17
454,Akim Godfroy,2012-09-30,2022-09-30,September,Friday,36
455,Casey Addicote,2014-09-25,2022-09-25,September,Friday,36
456,Johnathan Lamplough,2013-09-25,2022-09-25,September,Friday,36
457,Gauthier Bruinsma,2013-09-23,2022-09-23,September,Friday,36
458,Pren Gudgeon,2013-09-24,2022-09-24,September,Friday,36
459,Tibold Cottingham,2013-09-03,2022-09-03,September,Friday,36
460,Francene Ebbin,2012-09-16,2022-09-16,September,Friday,36
461,Alon Brash,2011-09-23,2022-09-23,September,Friday,36
462,L;urette Applegarth,2012-09-10,2022-09-10,September,Friday,36
463,Perren Randalston,2013-09-03,2022-09-03,September,Friday,36
464,Vic Barends,2014-09-24,2022-09-24,September,Friday,36
465,Darline Glandon,2013-09-11,2022-09-11,September,Friday,36
466,Jocelin Slora,2012-09-11,2022-09-11,September,Friday,36
467,Matthieu Hoyer,2012-09-04,2022-09-04,September,Friday,36
468,Ilsa Tettley,2013-09-11,2022-09-11,September,Friday,36
469,Jada Lindenman,2014-09-04,2022-09-04,September,Friday,36
470,Consolata Augur,2013-09-09,2022-09-09,September,Friday,36
471,Stearn Quilleash,2011-09-18,2022-09-18,September,Friday,36
472,Celinka Skey,2014-09-23,2022-09-23,September,Friday,36
473,Burnaby Gosby,2013-09-09,2022-09-09,September,Friday,36
474,Frank Mersh,2014-09-04,2022-09-04,September,Friday,36
475,Benedetto Staker,2012-09-11,2022-09-11,September,Friday,36
476,Agretha Ivanchikov,2011-09-23,2022-09-23,September,Friday,36
477,Yasmin Jinkins,2011-09-04,2022-09-04,September,Friday,36
478,Korney Perring,2013-09-23,2022-09-23,September,Friday,36
479,Jamima Heed,2011-09-10,2022-09-10,September,Friday,36
480,Skip Geipel,2014-09-25,2022-09-25,September,Friday,36
481,Parrnell Penrith,2011-09-04,2022-09-04,September,Friday,36
482,Fraze Tutin,2013-09-02,2022-09-02,September,Friday,36
483,Sarine Pedlingham,2013-09-16,2022-09-16,September,Friday,36
484,Jose Kennan,2011-09-23,2022-09-23,September,Friday,36
485,Carmelita Wiffen,2011-09-11,2022-09-11,September,Friday,36
486,Dion Grimestone,2011-09-16,2022-09-16,September,Friday,36
487,Elvin Lewinton,2013-09-10,2022-09-10,September,Friday,36
488,Daryle Flewitt,2012-09-11,2022-09-11,September,Friday,36
489,Engracia Pashbee,2013-09-23,2022-09-23,September,Friday,36
490,Karole Floch,2012-11-06,2022-11-06,November,Friday,39
491,Lanette Berzen,2011-11-18,2022-11-18,November,Friday,39
492,Merrili Truelock,2013-11-27,2022-11-27,November,Friday,39
493,Inger Sugar,2011-11-25,2022-11-25,November,Friday,39
494,Toiboid Scamerden,2013-11-05,2022-11-05,November,Friday,39
495,Chantal Caherny,2012-11-20,2022-11-20,November,Friday,39
496,Leese Leinster,2012-11-05,2022-11-05,November,Friday,39
497,Ilise Bowring,2011-11-12,2022-11-12,November,Friday,39
498,Allen Welburn,2014-11-05,2022-11-05,November,Friday,39
499,West Kibby,2013-11-20,2022-11-20,November,Friday,39
500,Daisey Blanning,2012-11-27,2022-11-27,November,Friday,39
501,Cynthea Whittier,2014-11-04,2022-11-04,November,Friday,39
502,Earl Kelleway,2013-11-06,2022-11-06,November,Friday,39
503,Pernell Howgego,2013-11-25,2022-11-25,November,Friday,39
504,Marcus Lemery,2012-11-26,2022-11-26,November,Friday,39
505,Lucais Hyrons,2013-11-11,2022-11-11,November,Friday,39
506,Ricardo Barmby,2014-11-20,2022-11-20,November,Friday,39
507,Emmott Barnaby,2014-11-05,2022-11-05,November,Friday,39
508,Pammie Maxweell,2013-11-11,2022-11-11,November,Friday,39
509,Gerrie Bonehill,2012-11-05,2022-11-05,November,Friday,39
510,Cori Oolahan,2012-11-25,2022-11-25,November,Friday,39
511,Gail Farnish,2012-11-06,2022-11-06,November,Friday,39
512,Dolorita Borrows,2011-11-20,2022-11-20,November,Friday,39
513,Stavros Rhead,2014-11-20,2022-11-20,November,Friday,39
514,Lindy Wallman,2012-11-27,2022-11-27,November,Friday,39
515,Barris Traves,2013-11-18,2022-11-18,November,Friday,39
516,Robby Scrivener,2014-11-19,2022-11-19,November,Friday,39
517,Marcela Gath,2011-11-05,2022-11-05,November,Friday,39
518,Jamima Cossor,2013-11-05,2022-11-05,November,Friday,39
519,Poppy Denniston,2012-11-12,2022-11-12,November,Friday,39
520,Brenden Greengrass,2012-11-20,2022-11-20,November,Friday,39
521,Farris Queree,2013-11-11,2022-11-11,November,Friday,39
522,Ned Mathouse,2013-11-12,2022-11-12,November,Friday,39
523,Emlen Dumingo,2014-11-19,2022-11-19,November,Friday,39
524,Filippa Pattingson,2014-11-04,2022-11-04,November,Friday,39
525,Noach Pagen,2013-11-11,2022-11-11,November,Friday,39
526,Jilli Kevane,2011-11-11,2022-11-11,November,Friday,39
527,Sonny Finlason,2014-11-26,2022-11-26,November,Friday,39
528,Amy Pirrie,2013-11-06,2022-11-06,November,Friday,39
529,Nata Feldbaum,2015-05-07,2022-05-07,May,Friday,31
530,Janifer Marris,2012-05-21,2022-05-21,May,Friday,31
531,Ossie Mattes,2012-05-15,2022-05-15,May,Friday,31
532,Bear Vernay,2014-05-21,2022-05-21,May,Friday,31
533,Ave Heyball,2012-05-01,2022-05-01,May,Friday,31
534,Guthrie Valti,2014-05-06,2022-05-06,May,Friday,31
535,Rose Artinstall,2014-05-29,2022-05-29,May,Friday,31
536,Julietta Layson,2014-05-20,2022-05-20,May,Friday,31
537,Pandora Seelbach,2014-05-20,2022-05-20,May,Friday,31
538,Gussie Palmar,2014-05-21,2022-05-21,May,Friday,31
539,Krystal Dunlea,2012-05-29,2022-05-29,May,Friday,31
540,Lorry Sarle,2015-05-29,2022-05-29,May,Friday,31
541,Emalia Kynson,2015-05-15,2022-05-15,May,Friday,31
542,Corella Thumnel,2015-05-14,2022-05-14,May,Friday,31
543,Mignonne Dumsday,2015-05-29,2022-05-29,May,Friday,31
544,Leroi Crumpe,2012-05-06,2022-05-06,May,Friday,31
545,Bridgette Hachard,2012-05-21,2022-05-21,May,Friday,31
546,Jammal Reubens,2012-05-28,2022-05-28,May,Friday,31
547,Vallie Beetles,2015-05-21,2022-05-21,May,Friday,31
548,Ralina O'Lunny,2014-05-29,2022-05-29,May,Friday,31
549,Georgena Richings,2015-05-22,2022-05-22,May,Friday,31
550,Ilyssa Fortie,2015-05-21,2022-05-21,May,Friday,31
551,Pascale Casini,2013-05-14,2022-05-14,May,Friday,31
552,Suzanna Richardeau,2013-05-07,2022-05-07,May,Friday,31
553,Ferne Poure,2015-05-21,2022-05-21,May,Friday,31
554,Penni Nobriga,2014-05-27,2022-05-27,May,Friday,31
555,Ted Gobel,2014-05-29,2022-05-29,May,Friday,31
556,Jody Alvin,2013-05-15,2022-05-15,May,Friday,31
557,Alvera Roussel,2013-05-22,2022-05-22,May,Friday,31
558,Heindrick Okie,2014-05-06,2022-05-06,May,Friday,31
559,Giacinta Pardal,2012-05-28,2022-05-28,May,Friday,31
560,Jaquelin Antonucci,2012-05-03,2022-05-03,May,Tuesday,15
561,Mace Huntingdon,2012-05-17,2022-05-17,May,Tuesday,15
562,Care Reihill,2013-05-03,2022-05-03,May,Tuesday,15
563,Carmine Budd,2012-05-03,2022-05-03,May,Tuesday,15
564,Hollyanne Tomaszewicz,2014-05-03,2022-05-03,May,Tuesday,15
565,Leslie Hann,2013-05-24,2022-05-24,May,Tuesday,15
566,Adham Purrier,2012-05-17,2022-05-17,May,Tuesday,15
567,Kathrine Ducastel,2012-05-10,2022-05-10,May,Tuesday,15
568,Henka Tartt,2014-05-31,2022-05-31,May,Tuesday,15
569,Gil Hele,2012-05-03,2022-05-03,May,Tuesday,15
570,Antoine Lillgard,2014-05-10,2022-05-10,May,Tuesday,15
571,Haleigh Causier,2012-05-31,2022-05-31,May,Tuesday,15
572,Axe Gleder,2014-05-03,2022-05-03,May,Tuesday,15
573,Ebeneser Gobel,2012-05-10,2022-05-10,May,Tuesday,15
574,Brandie Feuell,2015-05-10,2022-05-10,May,Tuesday,15
575,Candra Hallums,2014-08-11,2022-08-11,August,Thursday,10
576,Florian Lardnar,2014-08-04,2022-08-04,August,Thursday,10
577,Harlen Penke,2014-08-04,2022-08-04,August,Thursday,10
578,Alanah Dowtry,2014-08-25,2022-08-25,August,Thursday,10
579,Finley McClements,2013-08-18,2022-08-18,August,Thursday,10
580,Calida Dymond,2015-08-11,2022-08-11,August,Thursday,10
581,Marie Antuk,2015-08-11,2022-08-11,August,Thursday,10
582,Kameko Sherer,2012-08-04,2022-08-04,August,Thursday,10
583,Irvine Roycroft,2013-08-11,2022-08-11,August,Thursday,10
584,Reube Pallaske,2015-08-04,2022-08-04,August,Thursday,10
585,Den Masters,2014-10-03,2022-10-03,October,Monday,14
586,Sayre Merredy,2014-10-24,2022-10-24,October,Monday,14
587,Ekaterina Graver,2013-10-17,2022-10-17,October,Monday,14
588,Sean Skelton,2011-10-03,2022-10-03,October,Monday,14
589,Nolan Jerosch,2014-10-31,2022-10-31,October,Monday,14
590,Karlotte Vaudre,2011-10-03,2022-10-03,October,Monday,14
591,Bourke Upson,2011-10-10,2022-10-10,October,Monday,14
592,Marylynne Hinckesman,2014-10-10,2022-10-10,October,Monday,14
593,Merl Pudner,2014-10-03,2022-10-03,October,Monday,14
594,Amye Berni,2014-10-03,2022-10-03,October,Monday,14
595,Kimberlee Ciani,2014-10-24,2022-10-24,October,Monday,14
596,Denna Cornewall,2011-10-17,2022-10-17,October,Monday,14
597,Dewain Wogdon,2014-10-10,2022-10-10,October,Monday,14
598,Ainslie Swansbury,2012-10-03,2022-10-03,October,Monday,14
599,Brigida De Ath,2014-08-07,2022-08-07,August,Friday,24
600,Maribeth Blumson,2014-08-27,2022-08-27,August,Friday,24
601,Constantina McIlwaine,2014-08-26,2022-08-26,August,Friday,24
602,Teodor Wragge,2015-08-14,2022-08-14,August,Friday,24
603,Brynna Armit,2012-08-12,2022-08-12,August,Friday,24
604,Helli Owbridge,2014-08-05,2022-08-05,August,Friday,24
605,Aldis Sherewood,2013-08-21,2022-08-21,August,Friday,24
606,Emelyne Pierro,2012-08-14,2022-08-14,August,Friday,24
607,Sofie Duinbleton,2015-08-28,2022-08-28,August,Friday,24
608,Blake MacIlhargy,2014-08-21,2022-08-21,August,Friday,24
609,Nathanial Matczak,2013-08-27,2022-08-27,August,Friday,24
610,Cynthie Marthen,2014-08-26,2022-08-26,August,Friday,24
611,Grethel Husset,2015-08-07,2022-08-07,August,Friday,24
612,Janetta Dressell,2015-08-26,2022-08-26,August,Friday,24
613,Charita Mabee,2013-08-27,2022-08-27,August,Friday,24
614,Rica Greensitt,2013-08-21,2022-08-21,August,Friday,24
615,Zak Lillee,2013-08-26,2022-08-26,August,Friday,24
616,Eddy O'Gaven,2013-08-26,2022-08-26,August,Friday,24
617,Markus Madill,2014-08-21,2022-08-21,August,Friday,24
618,Lindi Veare,2014-08-27,2022-08-27,August,Friday,24
619,Lacey Addeycott,2013-08-28,2022-08-28,August,Friday,24
620,Caye Gove,2013-08-13,2022-08-13,August,Friday,24
621,Virgie Roark,2015-08-12,2022-08-12,August,Friday,24
622,Pincas Sogg,2015-08-19,2022-08-19,August,Friday,24
623,Kimberli Severs,2011-09-19,2022-09-19,September,Monday,7
624,Keven Latchford,2013-09-05,2022-09-05,September,Monday,7
625,Elisa Whiteley,2014-09-05,2022-09-05,September,Monday,7
626,Theresina Woolnough,2014-09-19,2022-09-19,September,Monday,7
627,Dorotea Wadesworth,2011-09-12,2022-09-12,September,Monday,7
628,Rodrick Lepere,2012-09-19,2022-09-19,September,Monday,7
629,Meredith Dreng,2011-09-12,2022-09-12,September,Monday,7
630,Arabele Rosenauer,2012-10-26,2022-10-26,October,Wednesday,13
631,Rodrick Jeannot,2013-10-19,2022-10-19,October,Wednesday,13
632,Orelee Videan,2013-10-05,2022-10-05,October,Wednesday,13
633,Bailie Caraher,2013-10-05,2022-10-05,October,Wednesday,13
634,Yehudi Beggan,2013-10-19,2022-10-19,October,Wednesday,13
635,Kizzie Dod,2014-10-05,2022-10-05,October,Wednesday,13
636,Sheff De Andreis,2013-10-12,2022-10-12,October,Wednesday,13
637,Warde Fullwood,2011-10-19,2022-10-19,October,Wednesday,13
638,Karry McLean,2011-10-05,2022-10-05,October,Wednesday,13
639,Dodie Potteril,2011-10-05,2022-10-05,October,Wednesday,13
640,Mitzi Kleinhandler,2013-10-19,2022-10-19,October,Wednesday,13
641,Towney Genny,2011-10-26,2022-10-26,October,Wednesday,13
642,Bobbee Timeby,2014-10-12,2022-10-12,October,Wednesday,13
643,Wolfgang Clubbe,2014-04-20,2022-04-20,April,Wednesday,12
644,Malena Bennough,2013-04-20,2022-04-20,April,Wednesday,12
645,Jeremiah Diack,2012-04-27,2022-04-27,April,Wednesday,12
646,Ariana Shearmer,2015-04-20,2022-04-20,April,Wednesday,12
647,Reyna Dudson,2015-04-27,2022-04-27,April,Wednesday,12
648,Blanca Arnaez,2015-04-27,2022-04-27,April,Wednesday,12
649,Massimo Bedminster,2014-04-13,2022-04-13,April,Wednesday,12
650,Nikolai Paynton,2015-04-06,2022-04-06,April,Wednesday,12
651,Aliza Tarbett,2014-04-06,2022-04-06,April,Wednesday,12
652,Stacee Spinetti,2015-04-20,2022-04-20,April,Wednesday,12
653,Loydie Capewell,2014-04-06,2022-04-06,April,Wednesday,12
654,Lia Cavilla,2015-04-06,2022-04-06,April,Wednesday,12
655,Kain Guerre,2015-08-10,2022-08-10,August,Wednesday,10
656,Lamont Tolefree,2012-08-17,2022-08-17,August,Wednesday,10
657,Iago Szimon,2014-08-31,2022-08-31,August,Wednesday,10
658,Ermanno Polglaze,2013-08-24,2022-08-24,August,Wednesday,10
659,Terry Lillow,2013-08-10,2022-08-10,August,Wednesday,10
660,Ansley Took,2015-08-17,2022-08-17,August,Wednesday,10
661,Brittaney Cumberpatch,2013-08-24,2022-08-24,August,Wednesday,10
662,Trumaine Beggs,2012-08-31,2022-08-31,August,Wednesday,10
663,Korney Pennington,2013-08-24,2022-08-24,August,Wednesday,10
664,Louella Ketch,2015-08-17,2022-08-17,August,Wednesday,10
665,Blinni Fieldstone,2013-11-17,2022-11-17,November,Thursday,13
666,Annabell Goscomb,2013-11-10,2022-11-10,November,Thursday,13
667,Nappie Sire,2011-11-10,2022-11-10,November,Thursday,13
668,Yuri Keywood,2013-11-10,2022-11-10,November,Thursday,13
669,Aridatha Bonicelli,2011-11-03,2022-11-03,November,Thursday,13
670,Lanny Alyukin,2012-11-10,2022-11-10,November,Thursday,13
671,Patricio Meakin,2012-11-17,2022-11-17,November,Thursday,13
672,Gustave Pickervance,2012-11-03,2022-11-03,November,Thursday,13
673,Corry Lassells,2011-11-24,2022-11-24,November,Thursday,13
674,Freddi Phillps,2011-11-10,2022-11-10,November,Thursday,13
675,Deni Baudin,2011-11-03,2022-11-03,November,Thursday,13
676,Jerry Pelerin,2011-11-17,2022-11-17,November,Thursday,13
677,Casandra Norewood,2014-11-24,2022-11-24,November,Thursday,13
678,Joete Goutcher,2015-01-06,2022-01-06,January,Thursday,6
679,Dorolice Crosthwaite,2015-01-06,2022-01-06,January,Thursday,6
680,Pyotr Anten,2012-01-06,2022-01-06,January,Thursday,6
681,Celine De la Yglesia,2012-01-13,2022-01-13,January,Thursday,6
682,Langston Janjic,2014-01-06,2022-01-06,January,Thursday,6
683,Harrietta Chumley,2012-01-20,2022-01-20,January,Thursday,6
684,Miguelita Palfreman,2012-02-17,2022-02-17,February,Thursday,12
685,Gaylor Shotboult,2014-02-03,2022-02-03,February,Thursday,12
686,Jammal Ouchterlony,2015-02-24,2022-02-24,February,Thursday,12
687,Silvie Lepere,2012-02-24,2022-02-24,February,Thursday,12
688,Korry Leirmonth,2012-02-10,2022-02-10,February,Thursday,12
689,Hildegaard Loveredge,2012-02-03,2022-02-03,February,Thursday,12
690,Johna Degue,2012-02-17,2022-02-17,February,Thursday,12
691,Casey Kelshaw,2015-02-24,2022-02-24,February,Thursday,12
692,Margot Ibbitson,2015-02-24,2022-02-24,February,Thursday,12
693,Ragnar Heathcott,2015-02-03,2022-02-03,February,Thursday,12
694,Bartholemy Rattrie,2013-02-24,2022-02-24,February,Thursday,12
695,Kassie Darben,2014-02-10,2022-02-10,February,Thursday,12
696,Emlynne Littley,2015-02-05,2022-02-05,February,Friday,31
697,Paxton Massow,2014-02-11,2022-02-11,February,Friday,31
698,Aryn Thursfield,2015-02-25,2022-02-25,February,Friday,31
699,Stacey Whartonby,2013-02-05,2022-02-05,February,Friday,31
700,Kathlin Cobleigh,2015-02-26,2022-02-26,February,Friday,31
701,Nadean Godsell,2013-02-27,2022-02-27,February,Friday,31
702,Kate Fannon,2014-02-27,2022-02-27,February,Friday,31
703,Magda Cullrford,2012-02-04,2022-02-04,February,Friday,31
704,Vernon Yateman,2012-02-12,2022-02-12,February,Friday,31
705,Bartolemo Cleave,2013-02-12,2022-02-12,February,Friday,31
706,Amitie McGairl,2015-02-12,2022-02-12,February,Friday,31
707,Thorn Blencowe,2014-02-19,2022-02-19,February,Friday,31
708,Nicky Rawes,2012-02-13,2022-02-13,February,Friday,31
709,Randall Barnfield,2012-02-05,2022-02-05,February,Friday,31
710,Reg Watting,2012-02-19,2022-02-19,February,Friday,31
711,Claudina Biasetti,2014-02-20,2022-02-20,February,Friday,31
712,Lannie Bessey,2012-02-06,2022-02-06,February,Friday,31
713,Robinett Kingaby,2015-02-27,2022-02-27,February,Friday,31
714,Lief Barajaz,2012-02-19,2022-02-19,February,Friday,31
715,Gothart Duigan,2014-02-19,2022-02-19,February,Friday,31
716,Katlin Maulden,2013-02-19,2022-02-19,February,Friday,31
717,Emile Sprules,2014-02-18,2022-02-18,February,Friday,31
718,Rosamond Belshaw,2014-02-06,2022-02-06,February,Friday,31
719,Janene Harford,2012-02-27,2022-02-27,February,Friday,31
720,Angy Moseby,2012-02-27,2022-02-27,February,Friday,31
721,Corabel Triggol,2015-02-05,2022-02-05,February,Friday,31
722,Kris Boarer,2013-02-04,2022-02-04,February,Friday,31
723,Orelee Perillio,2014-02-19,2022-02-19,February,Friday,31
724,Brigg Mendel,2015-02-20,2022-02-20,February,Friday,31
725,Julianna Whitlock,2014-02-25,2022-02-25,February,Friday,31
726,Ludwig Raine,2014-02-18,2022-02-18,February,Friday,31
727,Britni Walsh,2012-07-12,2022-07-12,July,Tuesday,12
728,Othello Blyth,2014-07-19,2022-07-19,July,Tuesday,12
729,Cary Johanssen,2013-07-19,2022-07-19,July,Tuesday,12
730,Carly Peasee,2014-07-05,2022-07-05,July,Tuesday,12
731,Tailor Fellows,2012-07-26,2022-07-26,July,Tuesday,12
732,Mireielle Lundy,2014-07-19,2022-07-19,July,Tuesday,12
733,Kip Blowen,2015-07-19,2022-07-19,July,Tuesday,12
734,Lettie Pennyman,2012-07-19,2022-07-19,July,Tuesday,12
735,Renee Ingray,2012-07-26,2022-07-26,July,Tuesday,12
736,Wanids Jaffrey,2013-07-12,2022-07-12,July,Tuesday,12
737,Shina Ivanin,2013-07-05,2022-07-05,July,Tuesday,12
738,Mic Stonard,2013-07-12,2022-07-12,July,Tuesday,12
739,Jeni Donald,2013-06-07,2022-06-07,June,Tuesday,11
740,Elizabeth Pattenden,2013-06-07,2022-06-07,June,Tuesday,11
741,Wood Upjohn,2012-06-07,2022-06-07,June,Tuesday,11
742,Matty Piperley,2014-06-14,2022-06-14,June,Tuesday,11
743,Ramsay Wither,2012-06-14,2022-06-14,June,Tuesday,11
744,Fair Brandi,2012-06-14,2022-06-14,June,Tuesday,11
745,Isacco Holston,2012-06-28,2022-06-28,June,Tuesday,11
746,Loreen MacCauley,2015-06-07,2022-06-07,June,Tuesday,11
747,Valentine Bischof,2014-06-28,2022-06-28,June,Tuesday,11
748,Thelma Carabine,2014-06-14,2022-06-14,June,Tuesday,11
749,Erinna Rosthorn,2013-06-14,2022-06-14,June,Tuesday,11
750,Sylvia Abrahamsohn,2012-11-15,2022-11-15,November,Tuesday,12
751,Nollie Curley,2013-11-29,2022-11-29,November,Tuesday,12
752,Sheelah Greder,2012-11-29,2022-11-29,November,Tuesday,12
753,Felizio Weinmann,2011-11-29,2022-11-29,November,Tuesday,12
754,Johna Kordova,2012-11-29,2022-11-29,November,Tuesday,12
755,Marianne Doig,2011-11-08,2022-11-08,November,Tuesday,12
756,Meryl Laytham,2012-11-22,2022-11-22,November,Tuesday,12
757,Hans Bolstridge,2012-11-29,2022-11-29,November,Tuesday,12
758,Isaiah Doig,2013-11-01,2022-11-01,November,Tuesday,12
759,Elita Taggert,2012-11-08,2022-11-08,November,Tuesday,12
760,Temple Arnald,2013-11-15,2022-11-15,November,Tuesday,12
761,Alane Beidebeke,2012-11-22,2022-11-22,November,Tuesday,12
762,Cinnamon Stoyle,2012-01-16,2022-01-16,January,Friday,33
763,Jared Koba,2012-01-15,2022-01-15,January,Friday,33
764,Hurley D'Alessandro,2014-01-16,2022-01-16,January,Friday,33
765,Aleece Bernardet,2015-01-09,2022-01-09,January,Friday,33
766,Joly Wybrow,2015-01-08,2022-01-08,January,Friday,33
767,Miran Gowans,2015-01-08,2022-01-08,January,Friday,33
768,Bobbe Rangall,2015-01-22,2022-01-22,January,Friday,33
769,Zarah Symington,2012-01-01,2022-01-01,January,Friday,33
770,Bernetta Barkaway,2013-01-23,2022-01-23,January,Friday,33
771,Stanley Monks,2012-01-15,2022-01-15,January,Friday,33
772,Killian Cater,2015-01-23,2022-01-23,January,Friday,33
773,Gena Hollyman,2013-01-14,2022-01-14,January,Friday,33
774,Hartwell Drakeley,2014-01-21,2022-01-21,January,Friday,33
775,Davidde Linch,2015-01-22,2022-01-22,January,Friday,33
776,Shel Vice,2015-01-23,2022-01-23,January,Friday,33
777,Rockey Center,2014-01-30,2022-01-30,January,Friday,33
778,Trumaine Goncalo,2012-01-09,2022-01-09,January,Friday,33
779,Ivy Briscam,2014-01-07,2022-01-07,January,Friday,33
780,Rhodie Lissimore,2012-01-09,2022-01-09,January,Friday,33
781,Ches Thornebarrow,2014-01-14,2022-01-14,January,Friday,33
782,Cross Oleksinski,2015-01-14,2022-01-14,January,Friday,33
783,Carmon Phear,2013-01-09,2022-01-09,January,Friday,33
784,Farrell Nise,2013-01-08,2022-01-08,January,Friday,33
785,Bogey Andresen,2012-01-23,2022-01-23,January,Friday,33
786,Jarred Aggas,2014-01-14,2022-01-14,January,Friday,33
787,Jacklin Scoyne,2015-01-29,2022-01-29,January,Friday,33
788,Glynda Lidierth,2015-01-23,2022-01-23,January,Friday,33
789,Eunice Brazur,2012-01-16,2022-01-16,January,Friday,33
790,Tracey Milham,2015-01-02,2022-01-02,January,Friday,33
791,Sharity Galland,2012-01-16,2022-01-16,January,Friday,33
792,Courtnay Fearey,2012-01-30,2022-01-30,January,Friday,33
793,Bartie Pedrazzi,2014-01-08,2022-01-08,January,Friday,33
794,Rayna Hobble,2014-01-02,2022-01-02,January,Friday,33
795,Wyn Husthwaite,2014-05-11,2022-05-11,May,Wednesday,8
796,Ynez Stive,2015-05-18,2022-05-18,May,Wednesday,8
797,Culver Daburn,2014-05-11,2022-05-11,May,Wednesday,8
798,Daron Fellis,2013-05-11,2022-05-11,May,Wednesday,8
799,Idette Bande,2014-05-04,2022-05-04,May,Wednesday,8
800,Helsa Parham,2014-05-04,2022-05-04,May,Wednesday,8
801,Tomi Murrison,2015-05-11,2022-05-11,May,Wednesday,8
802,Peyton Addekin,2013-05-11,2022-05-11,May,Wednesday,8
803,Jarret Winscom,2013-03-05,2022-03-05,March,Friday,31
804,Hadrian Scourgie,2012-03-20,2022-03-20,March,Friday,31
805,Lezlie Meyer,2015-03-19,2022-03-19,March,Friday,31
806,Fredric Skerme,2012-03-12,2022-03-12,March,Friday,31
807,Selma Litherborough,2014-03-20,2022-03-20,March,Friday,31
808,Berti Smardon,2014-03-26,2022-03-26,March,Friday,31
809,Nevile Jurewicz,2014-03-25,2022-03-25,March,Friday,31
810,Pearce Clayworth,2012-03-19,2022-03-19,March,Friday,31
811,Madlen Lethardy,2014-03-18,2022-03-18,March,Friday,31
812,Evita Sirett,2014-03-13,2022-03-13,March,Friday,31
813,Berkly Stanett,2015-03-27,2022-03-27,March,Friday,31
814,Valentine McPherson,2012-03-04,2022-03-04,March,Friday,31
815,Kimbra Yuille,2013-03-13,2022-03-13,March,Friday,31
816,Yoshiko Dies,2013-03-11,2022-03-11,March,Friday,31
817,Ivy Bridgen,2012-03-06,2022-03-06,March,Friday,31
818,Buiron Crauford,2012-03-18,2022-03-18,March,Friday,31
819,Kimmy Brody,2012-03-13,2022-03-13,March,Friday,31
820,Flinn Tollfree,2013-03-12,2022-03-12,March,Friday,31
821,Gilemette Vezey,2013-03-12,2022-03-12,March,Friday,31
822,Normie Cleave,2015-03-20,2022-03-20,March,Friday,31
823,Andris Somerbell,2015-03-27,2022-03-27,March,Friday,31
824,Hedvig Abbot,2014-03-20,2022-03-20,March,Friday,31
825,Chere Vinson,2013-03-04,2022-03-04,March,Friday,31
826,Darrick Shellard,2013-03-27,2022-03-27,March,Friday,31
827,Thorstein Valente,2014-03-11,2022-03-11,March,Friday,31
828,Reggis Ferandez,2014-03-18,2022-03-18,March,Friday,31
829,Merrily Altamirano,2013-03-18,2022-03-18,March,Friday,31
830,Nannie Ferebee,2015-03-11,2022-03-11,March,Friday,31
831,Catrina Hannabuss,2012-03-12,2022-03-12,March,Friday,31
832,Rosaline Youel,2013-03-19,2022-03-19,March,Friday,31
833,Gwen Glowinski,2012-03-04,2022-03-04,March,Friday,31
834,Hope Dommerque,2014-09-13,2022-09-13,September,Tuesday,12
835,Fair Baumber,2011-09-13,2022-09-13,September,Tuesday,12
836,Leshia Sanderson,2013-09-27,2022-09-27,September,Tuesday,12
837,Trace Neenan,2011-09-20,2022-09-20,September,Tuesday,12
838,Laural Hexum,2012-09-06,2022-09-06,September,Tuesday,12
839,Jany Batcock,2012-09-13,2022-09-13,September,Tuesday,12
840,Stacee Martine,2013-09-06,2022-09-06,September,Tuesday,12
841,Cassie Margaritelli,2011-09-20,2022-09-20,September,Tuesday,12
842,Lina Jedrzejczyk,2014-09-13,2022-09-13,September,Tuesday,12
843,Samara McCuaig,2012-09-06,2022-09-06,September,Tuesday,12
844,Mariska Bront,2013-09-20,2022-09-20,September,Tuesday,12
845,Travus Rousby,2011-09-20,2022-09-20,September,Tuesday,12
846,Annalise Roll,2012-07-04,2022-07-04,July,Monday,11
847,Ernesta Siggers,2015-07-04,2022-07-04,July,Monday,11
848,Daniele McCloy,2013-07-11,2022-07-11,July,Monday,11
849,Mildrid Blurton,2013-07-04,2022-07-04,July,Monday,11
850,Andeee Dorrity,2015-07-25,2022-07-25,July,Monday,11
851,Valerie MacDonagh,2014-07-04,2022-07-04,July,Monday,11
852,Norrie Kencott,2012-07-25,2022-07-25,July,Monday,11
853,Franciska Betonia,2012-07-11,2022-07-11,July,Monday,11
854,Agnese Wahlberg,2013-07-18,2022-07-18,July,Monday,11
855,Codi Widger,2014-07-04,2022-07-04,July,Monday,11
856,Felike Whardley,2014-07-18,2022-07-18,July,Monday,11
857,Hayley Rizzini,2014-04-26,2022-04-26,April,Tuesday,4
858,Margi Sentance,2015-04-26,2022-04-26,April,Tuesday,4
859,Hardy Burford,2014-04-05,2022-04-05,April,Tuesday,4
860,Ferd Dey,2015-04-05,2022-04-05,April,Tuesday,4
861,Yancey Bachellier,2015-02-01,2022-02-01,February,Tuesday,13
862,Ronnie Narducci,2015-02-01,2022-02-01,February,Tuesday,13
863,Jacques Cosins,2012-02-01,2022-02-01,February,Tuesday,13
864,Wileen Scamadine,2015-02-15,2022-02-15,February,Tuesday,13
865,Antonie Worcester,2015-02-15,2022-02-15,February,Tuesday,13
866,Adina Gawthorpe,2013-02-15,2022-02-15,February,Tuesday,13
867,Dominga Peat,2014-02-15,2022-02-15,February,Tuesday,13
868,Cam Riccardini,2015-02-01,2022-02-01,February,Tuesday,13
869,Louis Gabbatiss,2012-02-22,2022-02-22,February,Tuesday,13
870,Emmott Gosson,2012-02-01,2022-02-01,February,Tuesday,13
871,Olwen Callicott,2013-02-01,2022-02-01,February,Tuesday,13
872,Clovis Okeshott,2015-02-01,2022-02-01,February,Tuesday,13
873,Ninetta Worling,2015-02-15,2022-02-15,February,Tuesday,13
874,Brantley Thorley,2012-03-02,2022-03-02,March,Wednesday,6
875,Price Harrald,2013-03-30,2022-03-30,March,Wednesday,6
876,Aharon Ricardin,2013-03-02,2022-03-02,March,Wednesday,6
877,Patience Turfin,2012-03-23,2022-03-23,March,Wednesday,6
878,Frieda Peart,2012-03-02,2022-03-02,March,Wednesday,6
879,Jerry Archard,2013-03-09,2022-03-09,March,Wednesday,6
880,Toddie Nanetti,2013-10-04,2022-10-04,October,Tuesday,9
881,Kimbra Whelan,2013-10-25,2022-10-25,October,Tuesday,9
882,Rona Hammill,2011-10-25,2022-10-25,October,Tuesday,9
883,Alf Stiff,2014-10-04,2022-10-04,October,Tuesday,9
884,Drucy Greet,2011-10-18,2022-10-18,October,Tuesday,9
885,Hagan Rawne,2014-10-04,2022-10-04,October,Tuesday,9
886,Kip Bannell,2012-10-18,2022-10-18,October,Tuesday,9
887,Glennis Eastlake,2012-10-25,2022-10-25,October,Tuesday,9
888,Dela Corradeschi,2014-10-04,2022-10-04,October,Tuesday,9
889,Shanie Croisier,2014-02-09,2022-02-09,February,Wednesday,8
890,Lucina Gouley,2014-02-16,2022-02-16,February,Wednesday,8
891,Bondon Antonazzi,2012-02-09,2022-02-09,February,Wednesday,8
892,Estella Brende,2014-02-16,2022-02-16,February,Wednesday,8
893,Stevana Baddiley,2015-02-16,2022-02-16,February,Wednesday,8
894,Maryjo Dewicke,2012-02-09,2022-02-09,February,Wednesday,8
895,Waly Tomet,2014-02-09,2022-02-09,February,Wednesday,8
896,Hannis Loughran,2013-02-02,2022-02-02,February,Wednesday,8
897,Iseabal Aldwinckle,2013-03-08,2022-03-08,March,Tuesday,13
898,Cello Milnes,2013-03-08,2022-03-08,March,Tuesday,13
899,Caleb Kupka,2014-03-15,2022-03-15,March,Tuesday,13
900,Jaimie Bebbell,2013-03-22,2022-03-22,March,Tuesday,13
901,Winny Scoggans,2012-03-29,2022-03-29,March,Tuesday,13
902,Blinny Upwood,2013-03-15,2022-03-15,March,Tuesday,13
903,Cass Seivertsen,2015-03-01,2022-03-01,March,Tuesday,13
904,Sherilyn Jilkes,2012-03-22,2022-03-22,March,Tuesday,13
905,Brig Tremontana,2014-03-01,2022-03-01,March,Tuesday,13
906,Michele Keford,2015-03-15,2022-03-15,March,Tuesday,13
907,Deb Martina,2013-03-22,2022-03-22,March,Tuesday,13
908,Terry Sloey,2013-03-29,2022-03-29,March,Tuesday,13
909,Farra Laidler,2015-03-29,2022-03-29,March,Tuesday,13
910,Iona Ballister,2014-06-20,2022-06-20,June,Monday,9
911,Hi Oleksiak,2013-06-06,2022-06-06,June,Monday,9
912,Karoline Gash,2012-06-06,2022-06-06,June,Monday,9
913,Grace Fernie,2014-06-20,2022-06-20,June,Monday,9
914,De witt Moorton,2014-06-06,2022-06-06,June,Monday,9
915,Tiphany Yepiskov,2015-06-27,2022-06-27,June,Monday,9
916,Janina Goulstone,2012-06-20,2022-06-20,June,Monday,9
917,Laird Dainty,2015-06-27,2022-06-27,June,Monday,9
918,Farra Congreave,2014-06-20,2022-06-20,June,Monday,9
919,Shirline Longstaff,2013-07-13,2022-07-13,July,Wednesday,19
920,Lorraine Halbard,2013-07-20,2022-07-20,July,Wednesday,19
921,Floria Kitlee,2012-07-06,2022-07-06,July,Wednesday,19
922,Osgood Darnborough,2013-07-20,2022-07-20,July,Wednesday,19
923,Alia Whayman,2015-07-06,2022-07-06,July,Wednesday,19
924,Alyson Lindsell,2012-07-06,2022-07-06,July,Wednesday,19
925,Aland Ashlee,2012-07-13,2022-07-13,July,Wednesday,19
926,Shaylah Bottle,2014-07-06,2022-07-06,July,Wednesday,19
927,Jdavie Chard,2013-07-20,2022-07-20,July,Wednesday,19
928,Tammy Elcombe,2013-07-13,2022-07-13,July,Wednesday,19
929,Krystle Davage,2012-07-27,2022-07-27,July,Wednesday,19
930,Esmaria Tawn,2013-07-20,2022-07-20,July,Wednesday,19
931,Miles Pavitt,2015-07-27,2022-07-27,July,Wednesday,19
932,Norris Denness,2014-07-13,2022-07-13,July,Wednesday,19
933,Basia Oswal,2015-07-06,2022-07-06,July,Wednesday,19
934,Carri Livings,2012-07-27,2022-07-27,July,Wednesday,19
935,Bary Amyes,2013-07-20,2022-07-20,July,Wednesday,19
936,Meyer Barca,2014-07-13,2022-07-13,July,Wednesday,19
937,Chrotoem Thominga,2014-07-20,2022-07-20,July,Wednesday,19
938,Glynda O'Corrin,2013-02-14,2022-02-14,February,Monday,12
939,Ericka Ebourne,2012-02-28,2022-02-28,February,Monday,12
940,Shirline Saben,2012-02-07,2022-02-07,February,Monday,12
941,Bobbette Whiteley,2013-02-07,2022-02-07,February,Monday,12
942,Christoforo Gillon,2012-02-14,2022-02-14,February,Monday,12
943,Jorgan Beggan,2015-02-28,2022-02-28,February,Monday,12
944,Maggi Readwood,2014-02-07,2022-02-07,February,Monday,12
945,Ebenezer Tussaine,2015-02-28,2022-02-28,February,Monday,12
946,Fairleigh Janusz,2012-02-28,2022-02-28,February,Monday,12
947,Katlin Bumphrey,2012-02-28,2022-02-28,February,Monday,12
948,Guinna O'Currine,2015-02-07,2022-02-07,February,Monday,12
949,Wakefield Pleaden,2014-02-21,2022-02-21,February,Monday,12
950,Denice Espinet,2013-05-05,2022-05-05,May,Thursday,12
951,Gaye Dallison,2015-05-26,2022-05-26,May,Thursday,12
952,Ivar Noddings,2013-05-05,2022-05-05,May,Thursday,12
953,Sasha Tukesby,2013-05-19,2022-05-19,May,Thursday,12
954,Korella Lavelle,2013-05-12,2022-05-12,May,Thursday,12
955,Minnaminnie Vaneev,2014-05-26,2022-05-26,May,Thursday,12
956,Sinclair Blacklock,2015-05-05,2022-05-05,May,Thursday,12
957,Jacinda Gelderd,2015-05-12,2022-05-12,May,Thursday,12
958,Red Braybrook,2012-05-12,2022-05-12,May,Thursday,12
959,Melvin Halfhyde,2012-05-12,2022-05-12,May,Thursday,12
960,Rosana Zoellner,2014-05-19,2022-05-19,May,Thursday,12
961,Bridie Hembery,2013-05-26,2022-05-26,May,Thursday,12
962,Brady Seeds,2012-08-15,2022-08-15,August,Monday,12
963,Grover Barstock,2013-08-15,2022-08-15,August,Monday,12
964,Ranna Eagland,2013-08-29,2022-08-29,August,Monday,12
965,Prudy Duetsche,2015-08-01,2022-08-01,August,Monday,12
966,Buckie Ezzle,2015-08-29,2022-08-29,August,Monday,12
967,Adlai Trippitt,2013-08-22,2022-08-22,August,Monday,12
968,Dru Lorryman,2012-08-15,2022-08-15,August,Monday,12
969,Randell Gummow,2013-08-01,2022-08-01,August,Monday,12
970,Alyda Drinkel,2012-08-22,2022-08-22,August,Monday,12
971,Melanie Glassard,2013-08-22,2022-08-22,August,Monday,12
972,Bartlett Chilvers,2015-08-22,2022-08-22,August,Monday,12
973,Carlyle Bestwick,2013-08-08,2022-08-08,August,Monday,12
974,Graehme Ditch,2015-04-07,2022-04-07,April,Thursday,11
975,Maximo Greenin,2013-04-07,2022-04-07,April,Thursday,11
976,Emmie Laba,2013-04-07,2022-04-07,April,Thursday,11
977,Babs Swaysland,2013-04-21,2022-04-21,April,Thursday,11
978,Elianora Killshaw,2014-04-07,2022-04-07,April,Thursday,11
979,Pail Weadick,2015-04-21,2022-04-21,April,Thursday,11
980,Muhammad Daysh,2015-04-14,2022-04-14,April,Thursday,11
981,Drusi Beckenham,2012-04-14,2022-04-14,April,Thursday,11
982,Rosemonde Grovier,2015-04-07,2022-04-07,April,Thursday,11
983,Leroi Heikkinen,2012-04-21,2022-04-21,April,Thursday,11
984,Seumas Plum,2013-04-28,2022-04-28,April,Thursday,11
985,Doralynne Sekulla,2015-03-14,2022-03-14,March,Monday,8
986,Garnette Chiese,2014-03-28,2022-03-28,March,Monday,8
987,Cristina Oseman,2012-03-28,2022-03-28,March,Monday,8
988,Saree Farquhar,2013-03-28,2022-03-28,March,Monday,8
989,Ronica Proppers,2015-03-07,2022-03-07,March,Monday,8
990,Vonni Mullin,2013-03-21,2022-03-21,March,Monday,8
991,Keelia McBoyle,2015-03-21,2022-03-21,March,Monday,8
992,Brig Lawty,2015-03-28,2022-03-28,March,Monday,8
993,Idell Shropshire,2015-05-02,2022-05-02,May,Monday,7
994,Dacie Hunnam,2014-05-16,2022-05-16,May,Monday,7
995,Emylee Shawel,2014-05-02,2022-05-02,May,Monday,7
996,Lonnard Stivey,2014-05-02,2022-05-02,May,Monday,7
997,Adah Townson,2013-05-02,2022-05-02,May,Monday,7
998,Jacklin Biggerstaff,2015-05-30,2022-05-30,May,Monday,7
999,Dyan Heckney,2014-05-02,2022-05-02,May,Monday,7
